,제목,링크
0,2023 <b>춘천 마임 축제<\/b> 기본정보 강원도축제 춘천 볼거리,https://blog.naver.com/hanke/223107679778
1,&quot;<b>춘천마임축제<\/b> ㅡ 도깨비난장&quot;  이래서  다들  기다리는군요~~~,https://blog.naver.com/2ji1004/222749980547
2,<b>춘천마임축제<\/b> 기본정보 프로그램 놀거리 볼거리,https://blog.naver.com/artmell15/223107834170
3,[춘천 행사 촬영] <b>춘천마임축제<\/b> 상설프로그램... ,https://blog.naver.com/warnilart/223088677309
4,2023 <b>춘천 마임축제<\/b> 기본정보와 입장료 정리했어요,https://blog.naver.com/shopshop0123/223108996491
5,2023 <b>춘천마임축제<\/b> 입장료 춘천 데이트코스 놀거리,https://blog.naver.com/zkssk35/223102681847
6,세계 3대 마임축제 &apos;2023 <b>춘천마임축제<\/b>&apos;,https://blog.naver.com/izumi191919/223099428962
7,2023 <b>춘천마임축제<\/b> 도깨비난장 강원도축제 춘천 볼거리... ,https://blog.naver.com/kksy3143/223109092285
8,<b>춘천마임축제<\/b> 기본정리 핵심요약,https://blog.naver.com/seoman0621/223105881534
